id_estudiante,cambios_pestana,tiempo_examen_min,score_biometria,similitud_texto_porcentaje,intensidad_cambios,alerta_fraude
U202610001,15.0,59.0,0.61,20.9,2.54,1
U202610002,0.0,60.0,0.66,0.0,0.0,1
U202610003,0.0,60.0,0.57,46.4,0.0,1
U202610004,18.0,86.0,0.75,64.5,2.09,1
U202610005,15.0,35.0,0.65,0.0,4.29,1
U202610006,0.0,60.0,0.81,60.6,0.0,1
U202610007,11.0,43.0,0.61,0.0,2.56,1
U202610009,0.0,60.0,0.7,0.0,0.0,0
U202610010,2.0,68.0,1.0,0.0,0.29,0
U202610011,7.0,53.0,1.0,65.3,1.32,1
U202610012,11.0,85.0,0.72,24.5,1.29,1
U202610013,0.0,60.0,0.68,0.0,0.0,1
U202610014,19.0,77.0,0.99,0.0,2.47,1
U202610015,0.0,60.0,1.0,54.6,0.0,1
U202610016,0.0,60.0,0.61,65.3,0.0,1
U202610017,25.0,89.0,0.76,5.7,2.81,1
U202610018,17.0,59.0,1.0,0.0,2.88,1
U202610019,17.0,36.0,0.81,61.0,4.72,1
U202610020,10.0,79.0,1.0,2.9,1.27,0
U202610021,25.0,73.0,0.62,58.7,3.42,1
U202610022,21.0,86.0,0.63,0.0,2.44,1
U202610023,21.0,64.0,1.0,0.0,3.28,1
U202610024,0.0,60.0,0.66,17.9,0.0,1
U202610025,0.0,60.0,0.69,56.0,0.0,1
U202610026,21.0,63.0,1.0,68.5,3.33,1
U202610027,8.0,83.0,0.74,60.3,0.96,1
U202610028,10.0,79.0,0.52,26.9,1.27,1
U202610029,0.0,60.0,0.81,61.9,0.0,1
U202610030,9.0,44.0,1.0,0.0,2.05,0
U202610031,22.0,86.0,0.5,68.8,2.56,1
U202610032,0.0,60.0,1.0,30.6,0.0,0
U202610033,9.0,57.0,0.65,24.2,1.58,1
U202610034,25.0,60.0,0.52,25.1,4.17,1
U202610035,21.0,75.0,1.0,0.0,2.8,1
U202610036,0.0,60.0,0.59,64.3,0.0,1
U202610037,0.0,60.0,0.51,61.2,0.0,1
U202610038,0.0,60.0,0.75,44.2,0.0,1
U202610039,14.0,60.0,0.68,31.8,2.33,1
U202610040,9.0,63.0,1.0,18.3,1.43,0
U202610041,0.0,60.0,0.72,0.0,0.0,0
U202610042,18.0,58.0,0.75,58.9,3.1,1
U202610043,18.0,59.0,1.0,33.2,3.05,1
U202610044,18.0,54.0,1.0,63.0,3.33,1
U202610045,17.0,88.0,1.0,0.0,1.93,1
U202610046,12.0,86.0,0.9,69.6,1.4,1
U202610047,0.0,60.0,0.52,50.4,0.0,1
U202610048,0.0,60.0,0.57,27.5,0.0,1
U202610049,0.0,60.0,0.56,7.4,0.0,1
U202610050,17.0,52.0,0.72,0.0,3.27,1
U202610051,0.0,60.0,0.92,29.3,0.0,0
U202610052,0.0,60.0,0.62,0.0,0.0,1
U202610053,8.0,82.0,0.78,64.5,0.98,1
U202610055,0.0,60.0,0.83,55.4,0.0,1
U202610056,9.0,79.0,0.56,15.4,1.14,1
U202610057,0.0,60.0,1.0,52.8,0.0,1
U202610058,0.0,60.0,0.52,0.9,0.0,1
U202610060,13.0,89.0,0.53,16.0,1.46,1
U202610061,23.0,80.0,0.92,0.0,2.88,1
U202610062,0.0,60.0,1.0,42.7,0.0,1
U202610063,19.0,41.0,1.0,39.2,4.63,1
U202610064,10.0,57.0,0.78,24.3,1.75,0
U202610065,0.0,60.0,0.51,45.6,0.0,1
U202610066,22.0,76.0,1.0,40.8,2.89,1
U202610067,3.0,75.0,0.66,0.0,0.4,1
U202610068,16.0,73.0,1.0,0.0,2.19,1
U202610069,0.0,60.0,0.57,32.8,0.0,1
U202610070,17.0,65.0,0.86,35.9,2.62,1
U202610071,15.0,69.0,0.52,0.0,2.17,1
U202610072,0.0,60.0,0.57,36.9,0.0,1
U202610073,23.0,41.0,0.54,29.4,5.61,1
U202610074,20.0,85.0,1.0,0.0,2.35,1
U202610075,19.0,80.0,0.67,0.2,2.38,1
U202610076,0.0,60.0,0.6,18.6,0.0,1
U202610077,17.0,86.0,1.0,8.4,1.98,1
U202610078,6.0,90.0,1.0,53.7,0.67,1
U202610079,3.0,60.0,1.0,0.0,0.5,0
U202610080,0.0,60.0,1.0,44.8,0.0,1
U202610081,11.0,30.0,0.9,68.9,3.67,1
U202610083,0.0,60.0,0.5,0.0,0.0,1
U202610084,9.0,58.0,0.6,12.4,1.55,1
U202610085,12.0,70.0,0.67,10.0,1.71,1
U202610086,12.0,37.0,0.89,34.0,3.24,1
U202610087,0.0,60.0,0.62,65.6,0.0,1
U202610088,21.0,76.0,0.68,0.0,2.76,1
U202610089,25.0,90.0,1.0,19.6,2.78,1
U202610090,0.0,60.0,1.0,9.3,0.0,0
U202610091,25.0,87.0,0.88,0.0,2.87,1
U202610092,0.0,60.0,0.76,62.6,0.0,1
U202610093,0.0,60.0,0.86,0.0,0.0,0
U202610094,1.0,90.0,0.74,0.0,0.11,0
U202610095,13.0,36.0,0.61,0.0,3.61,1
U202610096,21.0,89.0,1.0,56.3,2.36,1
U202610097,19.0,88.0,0.9,0.0,2.16,1
U202610098,0.0,60.0,0.94,0.0,0.0,0
U202610099,11.0,70.0,0.64,22.6,1.57,1
U202610100,0.0,60.0,1.0,43.0,0.0,1
U202610101,18.0,65.0,0.91,24.6,2.77,1
U202610102,25.0,48.0,0.56,68.1,5.21,1
U202610103,0.0,60.0,0.84,0.0,0.0,0
U202610105,0.0,60.0,0.86,0.0,0.0,0
U202610106,5.0,46.0,1.0,45.0,1.09,1
U202610107,24.0,73.0,0.56,55.4,3.29,1
U202610108,24.0,45.0,0.92,51.2,5.33,1
U202610109,23.0,71.0,0.52,47.6,3.24,1
U202610110,0.0,60.0,1.0,68.5,0.0,1
U202610111,9.0,73.0,1.0,3.3,1.23,0
U202610112,0.0,60.0,0.78,0.0,0.0,0
U202610113,18.0,80.0,1.0,0.0,2.25,1
U202610114,0.0,60.0,0.84,57.6,0.0,1
U202610115,20.0,35.0,1.0,40.9,5.71,1
U202610116,0.0,60.0,0.66,0.0,0.0,1
U202610117,23.0,59.0,0.95,17.5,3.9,1
U202610118,12.0,89.0,0.59,22.4,1.35,1
U202610119,6.0,61.0,1.0,64.2,0.98,1
U202610120,20.0,76.0,0.88,59.8,2.63,1
U202610121,0.0,60.0,0.81,50.2,0.0,1
U202610122,0.0,60.0,1.0,23.4,0.0,0
U202610123,21.0,34.0,1.0,40.9,6.18,1
U202610124,18.0,54.0,1.0,0.0,3.33,1
U202610125,0.0,60.0,0.64,6.0,0.0,1
U202610126,3.0,72.0,0.58,7.3,0.42,1
U202610127,1.0,40.0,1.0,0.0,0.25,0
U202610128,21.0,60.0,1.0,29.1,3.5,1
U202610129,0.0,60.0,0.83,45.9,0.0,1
U202610130,23.0,84.0,1.0,58.4,2.74,1
U202610131,14.0,32.0,0.51,0.0,4.38,1
U202610132,3.0,32.0,1.0,0.0,0.94,0
U202610133,20.0,67.0,1.0,66.7,2.99,1
U202610134,15.0,35.0,1.0,0.0,4.29,1
U202610135,12.0,45.0,0.54,65.7,2.67,1
U202610136,0.0,60.0,0.99,0.0,0.0,0
U202610137,13.0,57.0,0.67,20.1,2.28,1
U202610138,12.0,76.0,0.55,16.5,1.58,1
U202610139,0.0,60.0,0.7,68.6,0.0,1
U202610140,0.0,60.0,0.98,37.4,0.0,0
U202610142,16.0,75.0,1.0,66.1,2.13,1
U202610143,11.0,54.0,0.87,62.0,2.04,1
U202610144,17.0,67.0,0.52,50.1,2.54,1
U202610145,9.0,84.0,1.0,4.8,1.07,0
U202610146,22.0,89.0,0.54,45.4,2.47,1
U202610147,16.0,52.0,0.8,0.0,3.08,1
U202610148,0.0,60.0,0.68,60.6,0.0,1
U202610150,0.0,60.0,0.84,68.5,0.0,1
U202610151,25.0,32.0,0.75,0.0,7.81,1
U202610152,20.0,61.0,0.6,27.5,3.28,1
U202610153,0.0,60.0,0.73,0.0,0.0,0
U202610154,0.0,60.0,0.89,61.9,0.0,1
U202610155,25.0,53.0,1.0,21.2,4.72,1
U202610156,0.0,60.0,0.6,0.0,0.0,1
U202610157,2.0,62.0,1.0,64.6,0.32,1
U202610158,12.0,44.0,0.73,9.3,2.73,1
U202610159,3.0,40.0,0.73,23.2,0.75,0
U202610160,0.0,60.0,0.94,47.3,0.0,1
U202610162,23.0,88.0,0.9,23.5,2.61,1
U202610163,4.0,57.0,0.71,46.7,0.7,1
U202610164,23.0,75.0,0.5,0.0,3.07,1
U202610165,4.0,33.0,0.67,41.5,1.21,1
U202610166,19.0,76.0,0.54,64.7,2.5,1
U202610167,0.0,60.0,1.0,30.2,0.0,0
U202610168,11.0,68.0,0.72,66.9,1.62,1
U202610169,17.0,80.0,0.72,0.0,2.12,1
U202610170,0.0,60.0,1.0,58.0,0.0,1
U202610171,23.0,74.0,1.0,51.1,3.11,1
U202610172,0.0,60.0,0.5,0.0,0.0,1
U202610173,21.0,86.0,1.0,0.0,2.44,1
U202610174,0.0,60.0,0.52,21.3,0.0,1
U202610175,19.0,68.0,1.0,0.0,2.79,1
U202610176,22.0,36.0,1.0,0.0,6.11,1
U202610177,15.0,59.0,0.78,57.5,2.54,1
U202610178,0.0,60.0,0.73,8.1,0.0,0
U202610179,0.0,60.0,0.69,52.2,0.0,1
U202610180,2.0,88.0,1.0,0.0,0.23,0
U202610181,0.0,70.0,0.74,0.0,0.0,0
U202610182,0.0,60.0,0.73,32.3,0.0,0
U202610183,18.0,67.0,0.77,67.3,2.69,1
U202610184,23.0,89.0,0.57,0.3,2.58,1
U202610185,0.0,60.0,0.55,36.4,0.0,1
U202610186,24.0,72.0,0.97,28.4,3.33,1
U202610189,16.0,87.0,1.0,0.0,1.84,1
U202610190,17.0,46.0,1.0,0.0,3.7,1
U202610191,19.0,44.0,0.88,60.5,4.32,1
U202610192,0.0,60.0,0.63,64.9,0.0,1
U202610193,22.0,49.0,0.62,25.3,4.49,1
U202610194,11.0,30.0,1.0,65.9,3.67,1
U202610195,22.0,56.0,0.91,0.0,3.93,1
U202610196,0.0,60.0,0.63,23.9,0.0,1
U202610197,0.0,60.0,0.57,65.3,0.0,1
U202610198,13.0,63.0,0.84,36.8,2.06,1
U202610199,16.0,70.0,0.72,37.0,2.29,1
U202610200,17.0,66.0,0.64,66.0,2.58,1
U202610201,19.0,54.0,1.0,41.5,3.52,1
U202610202,0.0,60.0,0.67,48.5,0.0,1
U202610203,10.0,74.0,0.69,0.0,1.35,1
U202610204,0.0,60.0,0.71,0.0,0.0,0
U202610205,0.0,60.0,0.54,53.0,0.0,1
U202610206,2.0,37.0,0.58,0.0,0.54,1
U202610207,4.0,62.0,0.54,57.3,0.65,1
U202610209,0.0,60.0,0.62,65.2,0.0,1
U202610210,24.0,87.0,0.98,19.9,2.76,1
U202610211,0.0,60.0,0.68,48.4,0.0,1
U202610213,0.0,60.0,0.82,60.7,0.0,1
U202610214,0.0,63.0,0.74,0.0,0.0,0
U202610215,14.0,52.0,0.68,52.3,2.69,1
U202610216,0.0,60.0,0.64,29.7,0.0,1
U202610217,21.0,85.0,0.91,0.0,2.47,1
U202610218,18.0,42.0,0.89,55.5,4.29,1
U202610219,0.0,60.0,1.0,66.8,0.0,1
U202610220,17.0,89.0,1.0,31.2,1.91,1
U202610221,0.0,60.0,0.85,0.0,0.0,0
U202610222,0.0,60.0,1.0,64.0,0.0,1
U202610224,18.0,78.0,0.76,9.9,2.31,1
U202610225,0.0,60.0,0.91,20.3,0.0,0
U202610226,0.0,60.0,1.0,60.1,0.0,1
U202610227,0.0,60.0,0.99,34.8,0.0,0
U202610228,7.0,70.0,0.89,41.5,1.0,1
U202610229,0.0,60.0,0.9,0.0,0.0,0
U202610230,16.0,88.0,0.51,34.1,1.82,1
U202610231,21.0,46.0,0.74,62.5,4.57,1
U202610232,0.0,60.0,0.72,63.9,0.0,1
U202610233,18.0,63.0,1.0,0.0,2.86,1
U202610234,25.0,80.0,0.63,0.0,3.12,1
U202610235,9.0,69.0,0.69,48.7,1.3,1
U202610236,4.0,59.0,0.54,66.5,0.68,1
U202610237,0.0,60.0,0.71,23.0,0.0,0
U202610238,23.0,87.0,1.0,13.5,2.64,1
U202610239,0.0,60.0,0.66,0.0,0.0,1
U202610240,2.0,56.0,1.0,47.3,0.36,1
U202610241,19.0,43.0,1.0,54.5,4.42,1
U202610242,0.0,60.0,0.9,60.0,0.0,1
U202610243,0.0,60.0,0.92,25.8,0.0,0
U202610244,10.0,74.0,0.75,0.0,1.35,0
U202610245,25.0,76.0,0.7,0.0,3.29,1
U202610246,0.0,60.0,0.56,0.0,0.0,1
U202610247,25.0,83.0,1.0,68.9,3.01,1
U202610248,0.0,60.0,0.79,0.0,0.0,0
U202610249,24.0,87.0,0.54,0.0,2.76,1
U202610250,24.0,85.0,1.0,48.6,2.82,1
U202610251,13.0,80.0,0.84,44.7,1.62,1
U202610252,24.0,67.0,0.7,21.3,3.58,1
U202610253,11.0,46.0,0.55,0.0,2.39,1
U202610254,24.0,83.0,1.0,18.1,2.89,1
U202610255,5.0,74.0,0.57,0.0,0.68,1
U202610256,10.0,72.0,0.56,19.5,1.39,1
U202610257,6.0,75.0,0.62,0.0,0.8,1
U202610258,0.0,60.0,0.78,0.0,0.0,0
U202610259,0.0,60.0,0.51,59.6,0.0,1
U202610260,0.0,60.0,0.57,0.0,0.0,1
U202610262,13.0,43.0,1.0,0.0,3.02,1
U202610263,16.0,89.0,1.0,7.1,1.8,1
U202610264,20.0,54.0,0.52,55.8,3.7,1
U202610265,16.0,32.0,0.67,0.0,5.0,1
U202610266,20.0,78.0,0.53,45.8,2.56,1
U202610267,20.0,69.0,1.0,42.4,2.9,1
U202610268,4.0,42.0,0.54,40.4,0.95,1
U202610269,1.0,39.0,0.87,57.4,0.26,1
U202610270,19.0,50.0,1.0,0.0,3.8,1
U202610271,24.0,87.0,1.0,32.5,2.76,1
U202610273,25.0,87.0,0.8,38.4,2.87,1
U202610274,0.0,60.0,1.0,1.3,0.0,0
U202610275,24.0,72.0,1.0,63.1,3.33,1
U202610276,0.0,60.0,0.93,36.7,0.0,0
U202610277,3.0,42.0,1.0,26.4,0.71,0
U202610278,16.0,30.0,0.5,33.5,5.33,1
U202610279,0.0,60.0,0.61,63.3,0.0,1
U202610280,10.0,39.0,1.0,0.0,2.56,0
U202610281,14.0,30.0,0.52,23.2,4.67,1
U202610282,5.0,35.0,0.63,65.9,1.43,1
U202610283,17.0,55.0,1.0,40.5,3.09,1
U202610284,0.0,60.0,0.58,40.0,0.0,1
U202610285,0.0,60.0,0.66,41.6,0.0,1
U202610286,25.0,88.0,0.84,33.1,2.84,1
U202610287,17.0,84.0,0.56,0.0,2.02,1
U202610288,0.0,60.0,1.0,68.4,0.0,1
U202610289,24.0,65.0,0.74,27.9,3.69,1
U202610290,0.0,60.0,0.59,0.0,0.0,1
U202610291,11.0,73.0,0.86,28.6,1.51,1
U202610292,25.0,82.0,1.0,0.0,3.05,1
U202610293,6.0,48.0,0.89,4.6,1.25,0
U202610294,0.0,69.0,1.0,19.7,0.0,0
U202610295,19.0,89.0,0.76,65.5,2.13,1
U202610296,18.0,90.0,0.71,57.4,2.0,1
U202610297,25.0,59.0,0.68,35.2,4.24,1
U202610298,25.0,39.0,0.67,0.0,6.41,1
U202610299,15.0,52.0,1.0,59.0,2.88,1
U202610301,22.0,87.0,0.6,54.5,2.53,1
U202610302,24.0,87.0,0.51,0.0,2.76,1
U202610303,0.0,60.0,0.79,56.1,0.0,1
U202610304,17.0,83.0,0.59,0.0,2.05,1
U202610305,0.0,60.0,1.0,64.3,0.0,1
U202610306,1.0,90.0,0.6,0.0,0.11,1
U202610307,17.0,51.0,0.81,34.4,3.33,1
U202610308,0.0,60.0,1.0,21.1,0.0,0
U202610309,0.0,60.0,0.89,0.0,0.0,0
U202610310,23.0,75.0,1.0,0.0,3.07,1
U202610311,0.0,60.0,0.83,64.9,0.0,1
U202610312,4.0,85.0,1.0,21.7,0.47,0
U202610313,4.0,41.0,0.75,0.0,0.98,0
U202610314,19.0,73.0,0.59,59.1,2.6,1
U202610315,0.0,60.0,0.59,0.0,0.0,1
U202610316,12.0,70.0,0.87,0.0,1.71,1
U202610317,11.0,90.0,0.66,59.6,1.22,1
U202610318,0.0,60.0,0.51,0.0,0.0,1
U202610319,14.0,33.0,0.66,57.2,4.24,1
U202610320,10.0,84.0,1.0,0.0,1.19,0
U202610321,11.0,38.0,0.83,0.0,2.89,1
U202610322,0.0,60.0,0.74,0.0,0.0,0
U202610323,4.0,76.0,0.51,0.8,0.53,1
U202610324,21.0,86.0,1.0,54.9,2.44,1
U202610325,3.0,45.0,0.55,5.9,0.67,1
U202610326,0.0,60.0,1.0,42.2,0.0,1
U202610327,15.0,84.0,0.6,5.7,1.79,1
U202610328,3.0,56.0,1.0,29.7,0.54,0
U202610329,21.0,63.0,0.98,48.8,3.33,1
U202610330,4.0,47.0,1.0,0.0,0.85,0
U202610331,18.0,33.0,1.0,65.1,5.45,1
U202610332,0.0,60.0,0.86,13.2,0.0,0
U202610333,0.0,60.0,1.0,51.0,0.0,1
U202610334,20.0,80.0,1.0,0.0,2.5,1
U202610335,10.0,72.0,1.0,0.0,1.39,0
U202610336,8.0,89.0,0.51,62.4,0.9,1
U202610337,9.0,86.0,1.0,0.0,1.05,0
U202610338,22.0,51.0,0.68,35.8,4.31,1
U202610339,14.0,73.0,1.0,0.0,1.92,1
U202610340,22.0,68.0,0.85,0.0,3.24,1
U202610341,24.0,56.0,0.65,57.7,4.29,1
U202610342,0.0,60.0,0.86,49.8,0.0,1
U202610344,13.0,70.0,0.76,31.1,1.86,1
U202610345,0.0,60.0,0.7,15.4,0.0,0
U202610346,13.0,54.0,0.5,0.0,2.41,1
U202610347,16.0,41.0,1.0,0.0,3.9,1
U202610348,0.0,60.0,1.0,35.3,0.0,0
U202610349,14.0,81.0,1.0,9.9,1.73,1
U202610350,23.0,90.0,0.82,66.7,2.56,1
U202610351,0.0,60.0,1.0,33.7,0.0,0
U202610352,0.0,60.0,0.69,59.3,0.0,1
U202610353,8.0,74.0,0.91,22.0,1.08,0
U202610354,22.0,75.0,1.0,0.0,2.93,1
U202610355,13.0,84.0,1.0,0.0,1.55,1
U202610356,25.0,61.0,0.63,0.0,4.1,1
U202610357,0.0,60.0,0.52,30.0,0.0,1
U202610358,9.0,42.0,0.57,51.3,2.14,1
U202610359,8.0,67.0,0.84,0.0,1.19,0
U202610360,2.0,55.0,0.63,32.9,0.36,1
U202610361,0.0,60.0,0.53,5.6,0.0,1
U202610362,21.0,43.0,1.0,37.5,4.88,1
U202610363,7.0,30.0,0.6,53.6,2.33,1
U202610364,9.0,31.0,1.0,67.6,2.9,1
U202610365,15.0,76.0,0.59,0.0,1.97,1
U202610366,17.0,68.0,1.0,61.4,2.5,1
U202610368,16.0,60.0,0.52,0.0,2.67,1
U202610369,7.0,50.0,0.56,69.7,1.4,1
U202610371,8.0,76.0,0.95,40.4,1.05,1
U202610372,3.0,34.0,0.74,0.0,0.88,0
U202610373,16.0,69.0,1.0,0.0,2.32,1
U202610374,0.0,60.0,0.7,40.4,0.0,1
U202610375,23.0,86.0,1.0,59.1,2.67,1
U202610376,15.0,87.0,0.63,0.0,1.72,1
U202610377,0.0,60.0,1.0,64.9,0.0,1
U202610378,0.0,60.0,0.99,16.3,0.0,0
U202610379,19.0,85.0,0.91,55.1,2.24,1
U202610380,9.0,42.0,0.55,25.2,2.14,1
U202610381,0.0,60.0,1.0,65.5,0.0,1
U202610382,15.0,81.0,1.0,69.2,1.85,1
U202610383,20.0,74.0,0.59,41.4,2.7,1
U202610384,0.0,60.0,1.0,62.6,0.0,1
U202610385,8.0,67.0,1.0,48.8,1.19,1
U202610386,0.0,60.0,1.0,67.8,0.0,1
U202610387,16.0,57.0,1.0,39.1,2.81,1
U202610388,23.0,73.0,0.88,41.7,3.15,1
U202610389,13.0,88.0,0.58,69.3,1.48,1
U202610390,15.0,55.0,1.0,0.0,2.73,1
U202610391,5.0,38.0,1.0,0.0,1.32,0
U202610392,0.0,60.0,0.54,53.8,0.0,1
U202610393,0.0,60.0,0.68,54.5,0.0,1
U202610394,0.0,60.0,0.65,0.0,0.0,1
U202610395,22.0,90.0,1.0,0.0,2.44,1
U202610396,0.0,60.0,0.61,20.6,0.0,1
U202610397,0.0,60.0,0.7,0.0,0.0,0
U202610398,19.0,78.0,1.0,48.0,2.44,1
U202610399,5.0,74.0,1.0,67.2,0.68,1
U202610400,22.0,31.0,0.67,57.4,7.1,1
U202610401,24.0,86.0,1.0,27.6,2.79,1
U202610402,8.0,86.0,0.86,48.4,0.93,1
U202610403,13.0,78.0,1.0,21.8,1.67,1
U202610405,5.0,58.0,0.87,66.1,0.86,1
U202610406,9.0,41.0,0.86,21.8,2.2,0
U202610407,25.0,68.0,1.0,59.1,3.68,1
U202610408,24.0,66.0,0.66,41.6,3.64,1
U202610410,0.0,60.0,0.84,63.6,0.0,1
U202610411,20.0,70.0,1.0,0.0,2.86,1
U202610412,17.0,50.0,0.59,0.0,3.4,1
U202610413,17.0,71.0,0.74,0.0,2.39,1
U202610414,8.0,52.0,0.51,53.3,1.54,1
U202610415,17.0,89.0,0.91,46.8,1.91,1
U202610416,0.0,60.0,0.82,0.0,0.0,0
U202610417,21.0,81.0,1.0,31.4,2.59,1
U202610418,11.0,69.0,0.66,43.3,1.59,1
U202610419,0.0,60.0,0.53,50.1,0.0,1
U202610421,0.0,60.0,0.84,0.0,0.0,0
U202610422,6.0,86.0,0.7,41.1,0.7,1
U202610424,0.0,60.0,0.94,0.0,0.0,0
U202610425,0.0,60.0,0.57,65.1,0.0,1
U202610426,4.0,45.0,0.53,0.0,0.89,1
U202610427,12.0,39.0,0.78,34.5,3.08,1
U202610428,24.0,87.0,0.64,0.0,2.76,1
U202610429,0.0,60.0,1.0,40.4,0.0,1
U202610430,0.0,60.0,1.0,19.4,0.0,0
U202610431,1.0,39.0,0.6,46.3,0.26,1
U202610433,21.0,88.0,1.0,0.0,2.39,1
U202610434,18.0,47.0,0.68,57.2,3.83,1
U202610435,0.0,86.0,0.52,46.6,0.0,1
U202610436,16.0,81.0,1.0,17.6,1.98,1
U202610437,15.0,44.0,1.0,0.0,3.41,1
U202610438,12.0,85.0,1.0,66.4,1.41,1
U202610439,0.0,60.0,0.72,67.7,0.0,1
U202610440,6.0,34.0,0.65,0.0,1.76,1
U202610441,7.0,39.0,0.65,56.0,1.79,1
U202610442,11.0,89.0,1.0,39.2,1.24,1
U202610443,0.0,60.0,0.66,0.0,0.0,1
U202610444,0.0,60.0,0.75,45.1,0.0,1
U202610445,20.0,77.0,0.73,0.0,2.6,1
U202610446,0.0,60.0,0.81,53.2,0.0,1
U202610447,12.0,47.0,1.0,53.0,2.55,1
U202610448,7.0,79.0,0.57,45.6,0.89,1
U202610449,11.0,32.0,0.86,58.3,3.44,1
U202610450,5.0,38.0,1.0,37.8,1.32,0
U202610451,13.0,70.0,0.64,0.0,1.86,1
U202610452,14.0,49.0,0.83,0.0,2.86,1
U202610453,20.0,66.0,1.0,5.1,3.03,1
U202610454,0.0,60.0,1.0,13.3,0.0,0
U202610455,0.0,60.0,0.6,68.8,0.0,1
U202610456,0.0,60.0,0.54,37.9,0.0,1
U202610457,0.0,60.0,0.64,38.5,0.0,1
U202610458,0.0,60.0,0.65,66.4,0.0,1
U202610459,22.0,84.0,1.0,48.1,2.62,1
U202610460,25.0,79.0,1.0,39.9,3.16,1
U202610461,22.0,39.0,1.0,56.8,5.64,1
U202610462,14.0,88.0,0.86,0.0,1.59,1
U202610463,22.0,84.0,1.0,62.2,2.62,1
U202610464,18.0,47.0,0.85,0.0,3.83,1
U202610465,3.0,72.0,1.0,0.0,0.42,0
U202610466,5.0,78.0,0.88,43.6,0.64,1
U202610467,21.0,80.0,0.69,0.0,2.62,1
U202610468,20.0,46.0,0.59,26.1,4.35,1
U202610469,18.0,89.0,1.0,0.0,2.02,1
U202610470,0.0,60.0,0.53,66.3,0.0,1
U202610471,0.0,60.0,1.0,65.5,0.0,1
U202610472,0.0,60.0,0.58,0.0,0.0,1
U202610473,0.0,60.0,0.93,57.7,0.0,1
U202610474,0.0,60.0,0.69,0.0,0.0,1
U202610475,0.0,60.0,0.9,63.5,0.0,1
U202610476,15.0,37.0,0.59,68.4,4.05,1
U202610477,11.0,47.0,1.0,64.5,2.34,1
U202610478,15.0,67.0,0.83,0.0,2.24,1
U202610479,25.0,51.0,1.0,0.0,4.9,1
U202610480,0.0,60.0,0.66,12.1,0.0,1
U202610481,18.0,66.0,1.0,23.2,2.73,1
U202610482,0.0,60.0,0.69,0.0,0.0,1
U202610483,0.0,60.0,0.99,0.0,0.0,0
U202610484,18.0,76.0,0.77,0.1,2.37,1
U202610485,16.0,59.0,0.55,0.0,2.71,1
U202610486,17.0,90.0,1.0,5.1,1.89,1
U202610487,0.0,60.0,0.6,0.0,0.0,1
U202610488,8.0,70.0,1.0,0.0,1.14,0
U202610490,0.0,60.0,1.0,55.5,0.0,1
U202610491,22.0,85.0,1.0,52.1,2.59,1
U202610492,24.0,68.0,1.0,65.0,3.53,1
U202610493,11.0,41.0,0.57,31.8,2.68,1
U202610494,23.0,77.0,0.52,53.4,2.99,1
U202610495,7.0,70.0,1.0,67.3,1.0,1
U202610496,0.0,60.0,0.62,57.1,0.0,1
U202610497,0.0,60.0,0.97,19.2,0.0,0
U202610498,10.0,73.0,0.83,39.7,1.37,0
U202610500,0.0,60.0,0.96,30.0,0.0,0
U202610501,3.0,73.0,1.0,0.0,0.41,0
U202610502,2.0,83.0,0.53,0.0,0.24,1
U202610503,25.0,90.0,0.96,56.4,2.78,1
U202610505,25.0,80.0,0.76,0.0,3.12,1
U202610506,24.0,72.0,0.84,19.7,3.33,1
U202610508,0.0,60.0,0.74,5.1,0.0,0
U202610509,24.0,73.0,0.61,27.3,3.29,1
U202610510,0.0,60.0,0.52,53.9,0.0,1
U202610512,0.0,60.0,0.66,0.0,0.0,1
U202610513,24.0,49.0,1.0,60.6,4.9,1
U202610514,0.0,60.0,0.77,0.0,0.0,0
U202610515,17.0,44.0,1.0,13.8,3.86,1
U202610516,19.0,44.0,1.0,0.0,4.32,1
U202610517,15.0,48.0,0.89,48.7,3.12,1
U202610518,0.0,60.0,0.5,51.8,0.0,1
U202610519,9.0,90.0,1.0,0.0,1.0,0
U202610520,10.0,48.0,1.0,0.0,2.08,0
U202610521,0.0,60.0,1.0,4.8,0.0,0
U202610522,22.0,53.0,1.0,1.3,4.15,1
U202610523,14.0,40.0,0.68,64.9,3.5,1
U202610524,21.0,82.0,1.0,0.0,2.56,1
U202610525,17.0,69.0,1.0,52.0,2.46,1
U202610526,9.0,54.0,1.0,54.2,1.67,1
U202610527,18.0,81.0,0.61,0.0,2.22,1
U202610528,11.0,34.0,0.99,68.2,3.24,1
U202610529,13.0,88.0,0.55,46.7,1.48,1
U202610530,0.0,60.0,0.67,53.4,0.0,1
U202610531,13.0,71.0,1.0,28.3,1.83,1
U202610532,4.0,41.0,0.74,39.7,0.98,0
U202610533,0.0,60.0,0.86,0.0,0.0,0
U202610534,0.0,60.0,0.54,69.7,0.0,1
U202610535,6.0,44.0,0.68,0.0,1.36,1
U202610536,15.0,66.0,1.0,23.2,2.27,1
U202610537,2.0,71.0,1.0,0.0,0.28,0
U202610538,0.0,60.0,1.0,63.4,0.0,1
U202610539,4.0,65.0,0.57,23.1,0.62,1
U202610540,4.0,81.0,0.71,0.0,0.49,0
U202610541,0.0,60.0,0.67,33.1,0.0,1
U202610542,0.0,60.0,0.93,40.7,0.0,1
U202610543,0.0,60.0,1.0,18.8,0.0,0
U202610544,22.0,75.0,0.54,42.9,2.93,1
U202610545,3.0,58.0,0.99,50.3,0.52,1
U202610546,23.0,51.0,0.61,0.0,4.51,1
U202610547,0.0,60.0,0.79,35.9,0.0,0
U202610548,0.0,60.0,1.0,63.6,0.0,1
U202610549,0.0,60.0,0.87,32.2,0.0,0
U202610550,2.0,52.0,0.88,16.3,0.38,0
U202610551,24.0,39.0,0.55,0.0,6.15,1
U202610552,0.0,60.0,0.53,43.3,0.0,1
U202610553,19.0,85.0,0.9,0.0,2.24,1
U202610554,18.0,53.0,0.67,3.0,3.4,1
U202610555,14.0,58.0,1.0,29.0,2.41,1
U202610556,16.0,81.0,0.82,0.0,1.98,1
U202610557,15.0,76.0,0.61,24.3,1.97,1
U202610558,15.0,34.0,0.63,12.2,4.41,1
U202610559,0.0,60.0,0.77,0.0,0.0,0
U202610560,11.0,86.0,0.95,0.0,1.28,1
U202610561,0.0,60.0,0.89,0.0,0.0,0
U202610562,11.0,87.0,0.97,5.2,1.26,1
U202610563,0.0,60.0,0.57,0.0,0.0,1
U202610564,0.0,60.0,0.55,54.6,0.0,1
U202610565,0.0,60.0,0.57,36.7,0.0,1
U202610566,0.0,60.0,0.73,0.0,0.0,0
U202610567,5.0,83.0,1.0,0.0,0.6,0
U202610568,22.0,87.0,0.86,0.4,2.53,1
U202610569,4.0,45.0,1.0,33.2,0.89,0
U202610570,9.0,65.0,1.0,18.9,1.38,0
U202610572,2.0,90.0,1.0,0.0,0.22,0
U202610573,0.0,60.0,1.0,38.7,0.0,0
U202610574,21.0,73.0,0.64,60.7,2.88,1
U202610575,0.0,60.0,0.6,37.9,0.0,1
U202610576,0.0,60.0,0.77,0.0,0.0,0
U202610577,19.0,75.0,1.0,0.0,2.53,1
U202610578,0.0,60.0,1.0,69.2,0.0,1
U202610579,0.0,60.0,1.0,50.3,0.0,1
U202610580,0.0,60.0,0.51,46.5,0.0,1
U202610581,0.0,60.0,1.0,57.7,0.0,1
U202610582,15.0,60.0,0.91,0.0,2.5,1
U202610583,8.0,90.0,0.58,0.0,0.89,1
U202610584,25.0,51.0,0.58,39.4,4.9,1
U202610586,9.0,86.0,1.0,34.9,1.05,0
U202610587,0.0,60.0,0.6,68.5,0.0,1
U202610588,21.0,78.0,0.67,0.0,2.69,1
U202610589,0.0,60.0,0.84,6.3,0.0,0
U202610590,8.0,49.0,1.0,57.5,1.63,1
U202610591,0.0,60.0,0.58,59.4,0.0,1
U202610592,0.0,60.0,1.0,56.2,0.0,1
U202610593,0.0,60.0,1.0,30.8,0.0,0
U202610594,0.0,60.0,0.72,0.0,0.0,0
U202610595,0.0,60.0,1.0,69.1,0.0,1
U202610596,23.0,89.0,1.0,45.1,2.58,1
U202610597,13.0,68.0,1.0,20.7,1.91,1
U202610598,7.0,62.0,0.69,19.1,1.13,1
U202610599,0.0,60.0,1.0,31.4,0.0,0
U202610600,1.0,53.0,0.51,4.9,0.19,1
U202610601,7.0,64.0,0.55,40.2,1.09,1
U202610602,8.0,82.0,0.58,51.7,0.98,1
U202610603,14.0,74.0,1.0,47.8,1.89,1
U202610604,12.0,73.0,0.94,0.0,1.64,1
U202610605,0.0,60.0,0.51,20.6,0.0,1
U202610606,13.0,74.0,1.0,63.2,1.76,1
U202610607,0.0,60.0,1.0,10.3,0.0,0
U202610608,0.0,60.0,0.69,30.4,0.0,1
U202610609,0.0,60.0,1.0,18.2,0.0,0
U202610610,5.0,75.0,1.0,23.7,0.67,0
U202610611,7.0,70.0,0.59,0.0,1.0,1
U202610612,19.0,51.0,1.0,57.5,3.73,1
U202610614,22.0,49.0,1.0,0.0,4.49,1
U202610615,22.0,75.0,1.0,43.9,2.93,1
U202610616,0.0,60.0,0.64,11.2,0.0,1
U202610617,10.0,66.0,1.0,0.0,1.52,0
U202610618,20.0,83.0,0.97,0.0,2.41,1
U202610619,7.0,67.0,0.52,22.8,1.04,1
U202610620,0.0,60.0,0.81,42.9,0.0,1
U202610621,0.0,60.0,0.87,66.1,0.0,1
U202610622,0.0,60.0,1.0,27.0,0.0,0
U202610623,24.0,90.0,1.0,8.4,2.67,1
U202610624,18.0,81.0,0.53,10.5,2.22,1
U202610625,19.0,68.0,1.0,56.6,2.79,1
U202610626,0.0,60.0,0.57,0.0,0.0,1
U202610627,0.0,60.0,1.0,23.3,0.0,0
U202610628,0.0,60.0,0.73,0.0,0.0,0
U202610629,17.0,88.0,0.93,20.7,1.93,1
U202610630,16.0,52.0,0.84,34.3,3.08,1
U202610631,0.0,60.0,0.53,0.0,0.0,1
U202610632,15.0,77.0,0.85,38.9,1.95,1
U202610633,19.0,76.0,0.91,66.3,2.5,1
U202610634,0.0,60.0,0.57,63.3,0.0,1
U202610635,0.0,60.0,0.96,64.2,0.0,1
U202610636,14.0,74.0,1.0,0.0,1.89,1
U202610637,25.0,81.0,1.0,0.0,3.09,1
U202610638,0.0,52.0,0.6,66.8,0.0,1
U202610639,18.0,89.0,1.0,0.0,2.02,1
U202610640,0.0,60.0,0.67,0.0,0.0,1
U202610641,0.0,60.0,1.0,30.0,0.0,0
U202610642,22.0,48.0,1.0,14.6,4.58,1
U202610643,23.0,67.0,0.67,52.5,3.43,1
U202610644,9.0,54.0,1.0,59.9,1.67,1
U202610645,16.0,62.0,0.56,53.6,2.58,1
U202610646,22.0,64.0,0.74,0.0,3.44,1
U202610647,15.0,86.0,1.0,59.7,1.74,1
U202610648,0.0,60.0,0.57,0.0,0.0,1
U202610649,24.0,73.0,0.78,62.7,3.29,1
U202610650,10.0,54.0,1.0,0.0,1.85,0
U202610651,6.0,86.0,0.76,0.0,0.7,0
U202610652,0.0,60.0,0.69,0.0,0.0,1
U202610653,21.0,90.0,0.82,0.0,2.33,1
U202610654,3.0,86.0,1.0,42.4,0.35,1
U202610655,20.0,85.0,0.73,0.0,2.35,1
U202610656,0.0,60.0,0.7,60.8,0.0,1
U202610657,4.0,41.0,1.0,0.0,0.98,0
U202610658,0.0,60.0,0.59,65.6,0.0,1
U202610659,0.0,60.0,0.55,39.8,0.0,1
U202610660,0.0,60.0,1.0,48.8,0.0,1
U202610661,24.0,90.0,1.0,36.4,2.67,1
U202610662,0.0,60.0,1.0,21.7,0.0,0
U202610663,1.0,71.0,1.0,55.1,0.14,1
U202610664,17.0,70.0,0.99,62.1,2.43,1
U202610665,19.0,58.0,0.51,9.2,3.28,1
U202610666,0.0,60.0,0.55,7.7,0.0,1
U202610667,0.0,60.0,1.0,65.8,0.0,1
U202610668,0.0,60.0,0.77,38.2,0.0,0
U202610669,0.0,60.0,0.57,28.9,0.0,1
U202610670,16.0,50.0,1.0,63.3,3.2,1
U202610671,7.0,66.0,0.52,63.3,1.06,1
U202610672,0.0,60.0,0.84,26.5,0.0,0
U202610673,15.0,69.0,1.0,51.5,2.17,1
U202610674,0.0,60.0,0.66,0.0,0.0,1
U202610675,0.0,60.0,0.94,0.0,0.0,0
U202610676,0.0,60.0,1.0,26.6,0.0,0
U202610677,11.0,89.0,0.94,0.0,1.24,1
U202610678,5.0,55.0,0.87,34.3,0.91,0
U202610679,16.0,90.0,1.0,0.0,1.78,1
U202610680,0.0,60.0,0.61,40.5,0.0,1
U202610681,13.0,84.0,1.0,66.6,1.55,1
U202610682,21.0,72.0,0.52,37.5,2.92,1
U202610683,0.0,60.0,0.62,64.1,0.0,1
U202610684,0.0,60.0,0.63,21.7,0.0,1
U202610685,8.0,41.0,0.65,59.7,1.95,1
U202610686,0.0,60.0,0.8,25.9,0.0,0
U202610687,16.0,51.0,1.0,0.0,3.14,1
U202610688,24.0,30.0,0.71,21.9,8.0,1
U202610689,23.0,59.0,1.0,48.7,3.9,1
U202610690,12.0,86.0,1.0,54.7,1.4,1
U202610691,0.0,60.0,0.57,0.0,0.0,1
U202610692,0.0,60.0,0.64,46.7,0.0,1
U202610693,6.0,44.0,1.0,42.7,1.36,1
U202610694,17.0,66.0,0.67,9.8,2.58,1
U202610695,16.0,66.0,0.55,43.9,2.42,1
U202610696,20.0,40.0,0.55,66.0,5.0,1
U202610697,0.0,60.0,0.83,62.4,0.0,1
U202610698,2.0,78.0,1.0,0.0,0.26,0
U202610699,0.0,60.0,0.71,63.3,0.0,1
U202610700,7.0,80.0,1.0,0.0,0.88,0
U202610701,3.0,49.0,1.0,29.6,0.61,0
U202610702,18.0,67.0,0.56,0.0,2.69,1
U202610703,10.0,74.0,0.59,0.0,1.35,1
U202610704,20.0,77.0,0.68,47.3,2.6,1
U202610705,0.0,60.0,0.83,3.9,0.0,0
U202610706,8.0,51.0,0.72,5.3,1.57,0
U202610707,0.0,60.0,1.0,40.2,0.0,1
U202610709,4.0,52.0,0.51,28.8,0.77,1
U202610710,18.0,81.0,0.73,0.0,2.22,1
U202610711,25.0,30.0,1.0,38.4,8.33,1
U202610713,7.0,36.0,0.76,0.0,1.94,0
U202610714,8.0,35.0,0.54,33.9,2.29,1
U202610715,15.0,61.0,0.79,48.7,2.46,1
U202610716,0.0,60.0,0.82,27.0,0.0,0
U202610717,3.0,48.0,0.87,11.1,0.62,0
U202610718,4.0,31.0,1.0,3.0,1.29,0
U202610719,22.0,70.0,1.0,0.0,3.14,1
U202610720,23.0,83.0,0.54,0.0,2.77,1
U202610721,9.0,78.0,0.62,27.0,1.15,1
U202610722,9.0,88.0,0.75,0.0,1.02,0
U202610723,0.0,60.0,1.0,19.4,0.0,0
U202610724,23.0,74.0,1.0,0.0,3.11,1
U202610725,7.0,83.0,1.0,69.0,0.84,1
U202610726,14.0,72.0,1.0,0.0,1.94,1
U202610727,19.0,78.0,0.54,29.8,2.44,1
U202610728,24.0,75.0,1.0,43.5,3.2,1
U202610729,2.0,86.0,1.0,57.2,0.23,1
U202610730,0.0,60.0,0.57,57.5,0.0,1
U202610731,0.0,60.0,0.55,67.5,0.0,1
U202610732,0.0,60.0,1.0,5.5,0.0,0
U202610733,4.0,49.0,0.91,46.4,0.82,1
U202610734,0.0,60.0,1.0,52.9,0.0,1
U202610735,19.0,39.0,0.73,52.7,4.87,1
U202610736,24.0,57.0,0.81,22.2,4.21,1
U202610737,19.0,80.0,1.0,67.4,2.38,1
U202610738,0.0,60.0,0.62,48.5,0.0,1
U202610739,3.0,44.0,0.77,48.1,0.68,1
U202610740,17.0,71.0,0.53,25.3,2.39,1
U202610742,11.0,82.0,1.0,55.3,1.34,1
U202610743,0.0,60.0,0.78,0.0,0.0,0
U202610744,12.0,74.0,1.0,0.0,1.62,1
U202610745,8.0,59.0,0.64,20.4,1.36,1
U202610746,24.0,40.0,0.95,8.7,6.0,1
U202610747,15.0,63.0,0.76,0.0,2.38,1
U202610748,19.0,84.0,0.58,20.2,2.26,1
U202610749,19.0,33.0,0.6,33.3,5.76,1
U202610750,0.0,60.0,0.57,59.8,0.0,1
U202610751,24.0,83.0,0.77,57.8,2.89,1
U202610752,19.0,58.0,1.0,18.2,3.28,1
U202610753,8.0,85.0,0.54,0.0,0.94,1
U202610754,0.0,60.0,1.0,28.5,0.0,0
U202610755,24.0,69.0,0.55,0.0,3.48,1
U202610756,18.0,83.0,0.72,0.0,2.17,1
U202610757,4.0,41.0,1.0,0.0,0.98,0
U202610758,1.0,56.0,0.72,0.0,0.18,0
U202610759,17.0,33.0,0.56,67.7,5.15,1
U202610760,2.0,82.0,0.72,55.3,0.24,1
U202610761,6.0,71.0,0.51,59.9,0.85,1
U202610762,8.0,35.0,0.53,54.1,2.29,1
U202610763,12.0,88.0,0.93,0.0,1.36,1
U202610764,0.0,60.0,1.0,30.7,0.0,0
U202610765,20.0,40.0,0.6,0.0,5.0,1
U202610766,0.0,60.0,0.53,53.3,0.0,1
U202610767,0.0,60.0,0.57,49.2,0.0,1
U202610768,19.0,83.0,0.9,66.3,2.29,1
U202610769,25.0,74.0,0.92,31.2,3.38,1
U202610770,22.0,86.0,0.61,43.1,2.56,1
U202610771,0.0,60.0,0.64,27.7,0.0,1
U202610772,0.0,60.0,0.79,52.0,0.0,1
U202610773,0.0,60.0,1.0,30.6,0.0,0
U202610774,18.0,88.0,1.0,36.8,2.05,1
U202610775,3.0,68.0,0.61,10.2,0.44,1
U202610776,22.0,57.0,0.54,62.3,3.86,1
U202610777,17.0,59.0,0.78,62.8,2.88,1
U202610778,12.0,80.0,0.67,63.4,1.5,1
U202610779,19.0,82.0,0.98,5.1,2.32,1
U202610780,13.0,54.0,0.84,57.3,2.41,1
U202610781,13.0,44.0,1.0,0.0,2.95,1
U202610782,22.0,33.0,1.0,0.0,6.67,1
U202610784,24.0,68.0,1.0,8.7,3.53,1
U202610785,25.0,78.0,0.87,58.0,3.21,1
U202610786,7.0,63.0,1.0,26.2,1.11,0
U202610787,0.0,60.0,0.89,0.0,0.0,0
U202610789,20.0,77.0,0.53,49.8,2.6,1
U202610790,0.0,60.0,0.68,10.2,0.0,1
U202610791,0.0,60.0,0.79,0.0,0.0,0
U202610792,0.0,60.0,0.61,47.0,0.0,1
U202610793,0.0,60.0,1.0,20.0,0.0,0
U202610794,0.0,60.0,0.81,60.6,0.0,1
U202610795,3.0,56.0,0.98,45.9,0.54,1
U202610796,5.0,76.0,1.0,59.4,0.66,1
U202610797,0.0,60.0,0.88,14.7,0.0,0
U202610798,0.0,83.0,0.51,38.6,0.0,1
U202610799,22.0,71.0,0.68,25.0,3.1,1
U202610800,3.0,83.0,1.0,66.4,0.36,1
U202610801,17.0,74.0,0.79,0.0,2.3,1
U202610802,10.0,58.0,1.0,60.8,1.72,1
U202610803,0.0,60.0,1.0,56.3,0.0,1
U202610804,21.0,75.0,0.61,0.0,2.8,1
U202610805,0.0,60.0,0.67,0.0,0.0,1
U202610806,25.0,79.0,0.62,44.0,3.16,1
U202610807,0.0,60.0,0.54,0.0,0.0,1
U202610808,0.0,60.0,1.0,60.3,0.0,1
U202610809,24.0,39.0,0.54,68.4,6.15,1
U202610810,0.0,60.0,0.58,0.0,0.0,1
U202610811,3.0,57.0,1.0,6.0,0.53,0
U202610812,10.0,52.0,0.69,26.1,1.92,1
U202610813,0.0,60.0,0.59,0.0,0.0,1
U202610814,23.0,88.0,1.0,35.8,2.61,1
U202610815,4.0,57.0,0.9,46.3,0.7,1
U202610816,8.0,77.0,0.6,56.1,1.04,1
U202610817,24.0,76.0,1.0,56.9,3.16,1
U202610818,23.0,66.0,1.0,0.0,3.48,1
U202610819,1.0,37.0,1.0,44.7,0.27,1
U202610820,5.0,36.0,1.0,0.0,1.39,0
U202610821,0.0,60.0,0.75,61.9,0.0,1
U202610822,0.0,60.0,1.0,30.3,0.0,0
U202610823,14.0,35.0,0.6,44.5,4.0,1
U202610824,10.0,63.0,0.63,4.5,1.59,1
U202610825,12.0,66.0,1.0,4.3,1.82,1
U202610826,18.0,46.0,0.72,59.6,3.91,1
U202610827,24.0,87.0,1.0,0.0,2.76,1
U202610828,7.0,44.0,1.0,0.0,1.59,0
U202610829,12.0,47.0,0.84,0.0,2.55,1
U202610830,8.0,51.0,1.0,21.2,1.57,0
U202610831,5.0,62.0,0.86,63.5,0.81,1
U202610833,13.0,73.0,0.51,32.4,1.78,1
U202610835,0.0,60.0,0.51,38.1,0.0,1
U202610836,1.0,80.0,1.0,13.0,0.12,0
U202610837,0.0,30.0,0.51,0.0,0.0,1
U202610838,18.0,89.0,0.62,41.4,2.02,1
U202610839,15.0,76.0,1.0,0.0,1.97,1
U202610840,0.0,60.0,0.59,11.1,0.0,1
U202610841,18.0,89.0,0.59,0.0,2.02,1
U202610842,21.0,30.0,0.56,50.6,7.0,1
U202610843,11.0,88.0,0.62,50.8,1.25,1
U202610844,8.0,43.0,1.0,11.9,1.86,0
U202610845,5.0,37.0,0.84,0.0,1.35,0
U202610846,11.0,79.0,0.58,50.2,1.39,1
U202610847,0.0,60.0,0.56,0.0,0.0,1
U202610848,0.0,60.0,0.97,12.9,0.0,0
U202610849,12.0,69.0,0.64,0.6,1.74,1
U202610850,20.0,88.0,0.92,0.0,2.27,1
U202610851,17.0,81.0,1.0,21.4,2.1,1
U202610852,25.0,51.0,0.56,59.2,4.9,1
U202610853,22.0,50.0,0.65,0.0,4.4,1
U202610854,10.0,72.0,1.0,25.6,1.39,0
U202610855,10.0,50.0,0.91,56.3,2.0,1
U202610856,23.0,41.0,1.0,60.6,5.61,1
U202610857,0.0,60.0,0.57,60.7,0.0,1
U202610858,24.0,70.0,0.86,3.4,3.43,1
U202610859,21.0,75.0,1.0,0.0,2.8,1
U202610860,20.0,81.0,0.67,57.1,2.47,1
U202610862,21.0,69.0,1.0,68.1,3.04,1
U202610863,0.0,60.0,1.0,49.8,0.0,1
U202610864,3.0,53.0,0.7,22.7,0.57,0
U202610865,21.0,66.0,0.97,46.1,3.18,1
U202610866,23.0,90.0,0.76,0.0,2.56,1
U202610867,0.0,60.0,1.0,43.5,0.0,1
U202610868,14.0,30.0,1.0,22.6,4.67,1
U202610869,23.0,59.0,0.63,0.0,3.9,1
U202610870,0.0,60.0,0.8,44.1,0.0,1
U202610871,22.0,39.0,0.58,0.0,5.64,1
U202610872,0.0,60.0,1.0,55.2,0.0,1
U202610873,22.0,87.0,1.0,0.0,2.53,1
U202610874,24.0,83.0,0.53,0.0,2.89,1
U202610875,0.0,60.0,0.53,0.0,0.0,1
U202610876,17.0,45.0,0.98,0.0,3.78,1
U202610878,19.0,84.0,0.67,0.0,2.26,1
U202610879,11.0,86.0,1.0,12.2,1.28,1
U202610880,13.0,70.0,0.85,0.0,1.86,1
U202610881,0.0,60.0,1.0,66.8,0.0,1
U202610882,15.0,61.0,1.0,58.9,2.46,1
U202610884,10.0,39.0,0.52,43.6,2.56,1
U202610885,3.0,40.0,1.0,15.5,0.75,0
U202610886,18.0,89.0,1.0,0.0,2.02,1
U202610887,11.0,43.0,0.88,66.7,2.56,1
U202610888,14.0,63.0,0.96,0.0,2.22,1
U202610889,16.0,67.0,0.63,64.6,2.39,1
U202610890,21.0,72.0,0.85,60.0,2.92,1
U202610891,22.0,63.0,0.54,0.0,3.49,1
U202610892,16.0,34.0,0.87,0.0,4.71,1
U202610893,0.0,60.0,0.99,0.0,0.0,0
U202610894,0.0,60.0,0.54,63.2,0.0,1
U202610895,11.0,36.0,0.6,42.2,3.06,1
U202610896,0.0,60.0,0.82,26.7,0.0,0
U202610898,0.0,60.0,0.54,30.1,0.0,1
U202610899,24.0,57.0,1.0,65.2,4.21,1
U202610900,11.0,82.0,0.8,0.0,1.34,1
U202610901,0.0,60.0,0.64,55.7,0.0,1
U202610902,9.0,64.0,0.96,43.2,1.41,1
U202610903,19.0,84.0,0.83,0.0,2.26,1
U202610904,0.0,60.0,0.7,69.1,0.0,1
U202610906,0.0,60.0,0.67,0.0,0.0,1
U202610907,19.0,70.0,1.0,62.0,2.71,1
U202610908,12.0,75.0,1.0,66.9,1.6,1
U202610909,0.0,60.0,0.56,40.2,0.0,1
U202610910,20.0,80.0,1.0,49.3,2.5,1
U202610911,2.0,39.0,1.0,57.0,0.51,1
U202610912,23.0,69.0,0.61,22.8,3.33,1
U202610913,7.0,38.0,1.0,16.5,1.84,0
U202610914,22.0,59.0,1.0,31.3,3.73,1
U202610915,0.0,60.0,0.56,14.1,0.0,1
U202610916,0.0,60.0,0.94,19.0,0.0,0
U202610917,14.0,48.0,1.0,29.5,2.92,1
U202610918,17.0,66.0,1.0,49.9,2.58,1
U202610919,12.0,70.0,0.83,6.4,1.71,1
U202610920,15.0,52.0,0.96,67.9,2.88,1
U202610921,0.0,60.0,0.52,0.0,0.0,1
U202610922,0.0,60.0,0.69,0.0,0.0,1
U202610923,0.0,60.0,0.62,0.0,0.0,1
U202610924,0.0,60.0,0.9,0.0,0.0,0
U202610925,2.0,67.0,1.0,66.3,0.3,1
U202610926,0.0,60.0,0.53,0.0,0.0,1
U202610927,7.0,61.0,1.0,30.1,1.15,0
U202610928,16.0,53.0,0.7,0.0,3.02,1
U202610929,24.0,63.0,1.0,0.0,3.81,1
U202610930,10.0,89.0,1.0,47.9,1.12,1
U202610931,9.0,73.0,0.7,0.0,1.23,0
U202610932,0.0,60.0,0.67,56.5,0.0,1
U202610933,2.0,89.0,1.0,0.0,0.22,0
U202610934,9.0,60.0,0.54,0.3,1.5,1
U202610935,0.0,60.0,0.93,55.9,0.0,1
U202610936,0.0,60.0,0.6,5.0,0.0,1
U202610937,0.0,60.0,0.86,33.3,0.0,0
U202610938,9.0,87.0,1.0,14.8,1.03,0
U202610939,0.0,60.0,1.0,60.7,0.0,1
U202610940,0.0,60.0,0.74,61.2,0.0,1
U202610941,8.0,69.0,1.0,41.5,1.16,1
U202610942,0.0,60.0,1.0,66.1,0.0,1
U202610943,0.0,60.0,0.63,7.0,0.0,1
U202610944,18.0,63.0,1.0,0.0,2.86,1
U202610945,19.0,30.0,0.67,0.0,6.33,1
U202610946,0.0,60.0,0.8,0.0,0.0,0
U202610947,0.0,60.0,1.0,1.5,0.0,0
U202610948,8.0,78.0,0.65,8.8,1.03,1
U202610949,0.0,84.0,0.66,0.0,0.0,1
U202610950,0.0,60.0,1.0,41.6,0.0,1
U202610951,16.0,31.0,0.66,0.0,5.16,1
U202610952,13.0,51.0,1.0,14.0,2.55,1
U202610953,23.0,73.0,0.71,0.0,3.15,1
U202610954,22.0,74.0,1.0,63.3,2.97,1
U202610955,24.0,89.0,0.73,0.0,2.7,1
U202610956,16.0,77.0,0.83,24.4,2.08,1
U202610957,19.0,56.0,0.63,0.0,3.39,1
U202610958,10.0,87.0,0.7,0.0,1.15,0
U202610959,0.0,60.0,0.63,60.7,0.0,1
U202610960,21.0,83.0,0.8,66.0,2.53,1
U202610961,0.0,60.0,0.75,0.0,0.0,0
U202610962,3.0,73.0,0.77,44.9,0.41,1
U202610963,11.0,49.0,1.0,26.9,2.24,1
U202610964,0.0,60.0,0.75,32.4,0.0,0
U202610965,0.0,60.0,0.94,0.0,0.0,0
U202610966,4.0,65.0,0.62,45.1,0.62,1
U202610967,19.0,33.0,1.0,0.0,5.76,1
U202610968,0.0,60.0,0.6,38.1,0.0,1
U202610969,24.0,36.0,0.99,61.3,6.67,1
U202610970,20.0,67.0,1.0,45.0,2.99,1
U202610971,0.0,34.0,0.85,48.0,0.0,1
U202610972,3.0,41.0,0.58,53.2,0.73,1
U202610973,10.0,86.0,0.96,47.7,1.16,1
U202610974,0.0,60.0,1.0,21.4,0.0,0
U202610975,0.0,60.0,0.67,12.3,0.0,1
U202610976,18.0,55.0,0.55,59.6,3.27,1
U202610977,0.0,60.0,1.0,31.6,0.0,0
U202610978,25.0,36.0,1.0,0.0,6.94,1
U202610979,13.0,65.0,0.62,0.0,2.0,1
U202610980,17.0,85.0,0.5,0.0,2.0,1
U202610981,0.0,60.0,0.76,35.8,0.0,0
U202610982,25.0,79.0,0.73,0.0,3.16,1
U202610983,24.0,80.0,1.0,0.1,3.0,1
U202610984,0.0,60.0,1.0,70.0,0.0,1
U202610985,0.0,60.0,1.0,27.9,0.0,0
U202610986,21.0,62.0,1.0,12.7,3.39,1
U202610987,0.0,60.0,0.52,0.5,0.0,1
U202610988,2.0,61.0,0.63,46.3,0.33,1
U202610989,0.0,60.0,0.58,0.0,0.0,1
U202610990,0.0,60.0,0.84,0.0,0.0,0
U202610991,23.0,58.0,1.0,0.0,3.97,1
U202610993,0.0,60.0,0.76,1.4,0.0,0
U202610994,21.0,78.0,0.68,0.0,2.69,1
U202610995,1.0,47.0,0.95,22.3,0.21,0
U202610996,0.0,60.0,0.58,0.0,0.0,1
U202610997,10.0,73.0,0.66,48.4,1.37,1
U202610998,17.0,78.0,0.69,0.0,2.18,1
U202610999,22.0,87.0,0.53,0.0,2.53,1
U202611000,0.0,60.0,1.0,67.7,0.0,1
